,,Overall,Overall,Overall,Overall,Overall,Overall,Conf.,Conf.,Home,Home,Away,Away,Points,Points,,School Totals,School Totals,School Totals,School Totals,School Totals,School Totals,School Totals,School Totals,School Totals,School Totals,School Totals,School Totals,School Totals,School Totals,School Totals,School Totals,School Totals
Rk,School,G,W,L,W-L%,SRS,SOS,W,L,W,L,W,L,Tm.,Opp.,,MP,FG,FGA,FG%,3P,3PA,3P%,FT,FTA,FT%,ORB,TRB,AST,STL,BLK,TOV,PF
1,Abilene Christian,29,13,16,.448,-11.85,-7.09,7,11,9,5,4,11,2009,2073,,1180,721,1555,.464,207,550,.376,360,543,.663,221,904,408,210,83,412,631
2,Air Force,33,12,21,.364,-2.99,1.08,4,14,11,7,0,11,2411,2477,,1335,817,1876,.436,264,728,.363,513,715,.717,308,1149,494,197,57,397,594
3,Akron,34,26,8,.765,3.97,-1.52,14,4,13,2,7,5,2625,2390,,1360,904,1917,.472,347,927,.374,470,691,.680,334,1173,499,185,110,396,616
4,Alabama A&M,29,2,27,.069,-26.71,-10.82,2,16,1,9,1,18,1794,2255,,1175,628,1549,.405,125,447,.280,411,614,.669,292,914,326,100,50,383,526
5,Alabama-Birmingham,33,17,16,.515,-1.02,-1.68,9,9,11,5,4,8,2369,2316,,1330,835,1809,.462,203,583,.348,496,674,.736,322,1188,503,157,160,444,527
6,Alabama State,31,8,23,.258,-19.52,-10.52,6,12,6,5,1,17,2042,2305,,1260,719,1834,.392,200,674,.297,404,634,.637,425,1188,300,150,98,489,629
7,Alabama,33,19,14,.576,11.77,7.62,10,8,11,5,5,6,2266,2129,,1340,784,1849,.424,218,686,.318,480,739,.650,406,1294,377,198,139,457,650
8,Albany (NY),34,21,13,.618,0.11,-4.68,10,6,11,4,9,8,2441,2242,,1360,886,1895,.468,183,495,.370,486,641,.758,376,1227,430,178,58,404,601
9,Alcorn State,32,18,14,.563,-12.02,-10.64,13,5,11,2,6,11,2221,2175,,1285,800,1866,.429,222,669,.332,399,612,.652,387,1243,425,209,115,456,610
10,American,30,8,22,.267,-10.21,-3.41,5,13,4,11,4,11,1845,2049,,1205,692,1542,.449,168,529,.318,293,474,.618,204,868,339,209,73,396,548
11,Appalachian State,30,9,21,.300,-8.40,-1.33,4,14,8,6,1,14,2208,2279,,1205,749,1781,.421,251,742,.338,459,674,.681,320,1126,414,167,91,414,641
12,Arizona State,33,15,18,.455,4.26,7.35,7,11,9,7,4,6,2593,2695,,1325,888,2047,.434,328,896,.366,489,653,.749,301,1075,430,194,106,344,556
13,Arizona *,34,30,4,.882,18.44,7.61,16,2,15,1,9,1,2593,2225,,1360,891,1873,.476,229,576,.398,582,768,.758,350,1251,469,187,110,390,577
14,Arkansas-Little Rock,32,15,17,.469,-5.89,-3.62,6,12,9,6,4,9,2188,2185,,1290,775,1749,.443,207,599,.346,431,582,.741,305,1058,379,183,120,411,591
15,Arkansas-Pine Bluff,32,7,25,.219,-22.56,-10.03,6,12,6,6,1,19,1977,2320,,1305,695,1725,.403,208,621,.335,379,581,.652,332,1013,334,279,93,578,718
16,Arkansas State,32,20,12,.625,1.06,-1.91,11,7,12,1,7,9,2346,2211,,1285,826,1792,.461,220,579,.380,474,743,.638,351,1169,397,172,83,415,652
17,Arkansas *,34,25,9,.735,13.92,8.12,12,6,15,3,6,5,2713,2516,,1360,943,2046,.461,222,610,.364,605,794,.762,383,1233,476,256,159,399,699
18,Army,32,13,19,.406,-5.82,-4.08,6,12,9,8,4,10,2324,2340,,1295,842,1906,.442,291,825,.353,349,533,.655,316,1213,520,178,61,480,620
19,Auburn,32,18,14,.563,8.33,7.48,7,11,10,5,6,6,2573,2546,,1290,861,1969,.437,289,789,.366,562,836,.672,367,1171,416,234,162,434,668
20,Austin Peay,30,11,19,.367,-10.82,-2.14,7,9,5,8,4,11,2331,2515,,1215,806,1718,.469,227,640,.355,492,695,.708,245,913,324,171,73,373,547
21,Ball State,33,21,12,.636,-0.98,-3.41,11,7,11,5,7,6,2597,2479,,1340,899,1945,.462,305,805,.379,494,686,.720,329,1245,515,198,118,486,644
22,Baylor *,32,25,7,.781,20.58,12.00,12,6,15,2,6,4,2327,2007,,1280,838,1778,.471,216,601,.359,435,607,.717,412,1219,502,162,153,430,566
23,Belmont,28,22,6,.786,4.16,-2.43,15,1,12,1,10,3,2167,1938,,1125,750,1584,.473,281,831,.338,386,502,.769,233,982,450,125,75,352,498
24,Bethune-Cookman,32,10,22,.313,-19.13,-10.90,6,10,7,7,2,13,2275,2490,,1315,840,2022,.415,228,712,.320,367,554,.662,398,1135,448,245,96,413,644
25,Binghamton,32,12,20,.375,-11.80,-5.59,3,13,7,7,4,13,2175,2270,,1285,768,1757,.437,248,685,.362,391,555,.705,251,1055,410,167,78,397,546
26,Boise State,30,19,11,.633,5.56,2.22,12,6,11,3,7,6,2275,2139,,1200,762,1685,.452,244,685,.356,507,710,.714,290,1071,374,147,71,383,627
27,Boston College,32,9,23,.281,2.86,8.73,2,16,8,10,0,9,2320,2508,,1280,843,1880,.448,256,685,.374,378,556,.680,292,1119,473,179,86,467,597
28,Boston University,32,18,14,.563,-2.39,-3.62,12,6,11,5,6,9,2339,2264,,1300,817,1844,.443,274,773,.354,431,619,.696,320,1141,449,265,81,459,610
29,Bowling Green State,32,13,19,.406,-5.75,-1.75,7,11,10,7,3,12,2355,2453,,1295,832,1957,.425,220,644,.342,471,706,.667,352,1153,390,221,87,409,623
30,Bradley,33,13,20,.394,-2.68,3.10,7,11,8,7,3,10,2163,2333,,1325,731,1722,.425,217,609,.356,484,719,.673,294,1156,372,203,118,500,672
31,Brigham Young,33,22,11,.667,9.02,1.99,12,6,14,3,5,4,2652,2420,,1320,909,1992,.456,219,636,.344,615,840,.732,346,1373,516,221,155,449,641
32,Brown,30,13,17,.433,-8.36,-3.90,4,10,9,7,4,8,2275,2338,,1200,735,1660,.443,244,665,.367,561,739,.759,275,933,399,228,56,430,597
33,Bryant,32,12,20,.375,-9.46,-5.20,9,9,9,5,2,15,2373,2478,,1315,839,1917,.438,237,701,.338,458,636,.720,345,1148,460,218,69,428,680
34,Bucknell *,34,26,8,.765,5.61,-3.19,15,3,14,2,9,6,2589,2290,,1360,915,1902,.481,277,734,.377,480,707,.679,293,1171,497,244,130,451,630
35,Buffalo,32,17,15,.531,1.21,-0.72,11,7,8,4,8,7,2486,2375,,1285,877,1945,.451,240,727,.330,492,711,.692,396,1295,459,181,127,465,735
36,Butler *,31,23,8,.742,18.37,10.46,12,6,13,3,7,4,2365,2120,,1250,831,1740,.478,237,652,.363,466,630,.740,272,995,409,193,87,315,586
37,Cal Poly,31,11,20,.355,-10.64,-4.15,6,10,6,6,5,11,2082,2242,,1250,726,1800,.403,258,758,.340,372,534,.697,298,1003,322,162,113,334,574
38,Cal State Bakersfield,31,22,9,.710,1.93,-3.46,12,2,12,1,8,6,2207,1954,,1265,800,1814,.441,191,570,.335,416,656,.634,381,1203,448,266,120,465,695
39,Cal State Fullerton,31,17,14,.548,-7.42,-6.84,10,6,12,3,4,8,2275,2200,,1275,792,1779,.445,190,605,.314,501,732,.684,320,1154,374,218,113,471,645
40,Cal State Northridge,30,11,19,.367,-8.16,-3.94,7,9,7,7,4,8,2341,2440,,1200,806,1747,.461,145,415,.349,584,801,.729,293,1052,411,207,90,399,638
41,UC-Davis *,34,22,12,.647,-5.00,-5.50,11,5,11,0,6,9,2396,2343,,1375,830,1898,.437,212,599,.354,524,788,.665,347,1213,440,193,115,482,657
42,UC-Irvine,35,21,14,.600,0.48,-2.92,12,4,11,2,8,8,2443,2246,,1410,887,1996,.444,252,704,.358,417,601,.694,388,1393,444,170,152,473,732
43,UC-Riverside,29,8,21,.276,-11.25,-3.73,5,11,5,8,3,12,1895,2016,,1165,689,1671,.412,173,553,.313,344,495,.695,276,1011,338,198,88,400,572
44,UC-Santa Barbara,28,6,22,.214,-13.42,-1.94,4,12,5,8,1,12,1701,1987,,1125,622,1651,.377,154,531,.290,303,478,.634,355,1028,338,148,59,341,502
45,University of California,33,21,12,.636,11.79,6.67,10,8,15,3,3,6,2250,2081,,1340,789,1857,.425,219,645,.340,453,683,.663,381,1290,401,160,152,415,628
46,Campbell,34,17,17,.500,-10.69,-7.72,7,11,9,7,6,9,2418,2391,,1370,824,1817,.453,262,717,.365,508,677,.750,265,1115,387,227,136,445,615
47,Canisius,33,18,15,.545,-2.64,-3.45,10,10,7,7,9,7,2591,2564,,1330,910,2003,.454,304,812,.374,467,636,.734,358,1094,579,223,63,438,643
48,Central Arkansas,32,8,24,.250,-12.92,-3.63,7,11,5,6,3,16,2395,2692,,1295,836,1910,.438,230,613,.375,493,687,.718,335,1151,465,178,84,446,606
49,Central Connecticut State,29,6,23,.207,-17.29,-7.46,4,14,3,9,3,14,1827,2112,,1170,675,1602,.421,146,418,.349,331,534,.620,332,966,341,166,68,414,539
50,Central Florida,32,21,11,.656,9.63,3.04,11,7,13,3,5,6,2151,1940,,1285,738,1693,.436,231,666,.347,444,673,.660,353,1321,362,124,128,469,497
51,Central Michigan,32,16,16,.500,-5.50,-2.36,6,12,10,5,5,9,2826,2807,,1295,912,2153,.424,399,1115,.358,603,762,.791,362,1244,362,181,93,362,612
52,Charleston Southern,31,12,19,.387,-12.03,-5.96,7,11,9,6,3,12,2304,2343,,1255,824,1868,.441,228,669,.341,428,643,.666,336,1092,341,176,89,358,620
53,Charlotte,30,13,17,.433,-5.06,-0.75,7,11,10,5,3,9,2295,2407,,1205,800,1803,.444,237,630,.376,458,614,.746,224,979,361,190,94,366,578
54,Chattanooga,31,19,12,.613,1.43,-1.74,10,8,11,3,7,7,2314,2132,,1245,801,1718,.466,231,667,.346,481,677,.710,315,1005,377,241,145,413,570
55,Chicago State,32,6,26,.188,-16.80,-0.31,1,13,3,7,2,17,2089,2511,,1300,739,1923,.384,212,681,.311,399,569,.701,344,1123,360,215,68,440,616
56,Cincinnati *,34,29,5,.853,18.68,5.03,16,2,18,0,8,3,2532,2068,,1370,916,2015,.455,252,733,.344,448,656,.683,421,1265,536,255,168,343,541
57,Citadel,33,12,21,.364,-12.51,-2.58,4,14,8,8,3,12,2964,3121,,1335,980,2357,.416,397,1165,.341,607,802,.757,445,1232,561,306,85,473,737
58,Clemson,32,17,15,.531,14.24,10.74,6,12,11,5,3,7,2399,2287,,1285,845,1872,.451,232,649,.357,477,655,.728,354,1092,398,227,123,345,489
59,Cleveland State,31,9,22,.290,-6.52,-1.32,5,13,5,6,2,14,2083,2222,,1260,745,1838,.405,219,709,.309,374,541,.691,336,1024,327,221,94,405,636
60,Coastal Carolina,33,16,17,.485,-3.80,-0.93,10,8,11,6,3,10,2382,2405,,1330,854,2025,.422,284,843,.337,390,595,.655,401,1320,404,184,87,429,599
61,Colgate,32,10,22,.313,-8.38,-3.51,8,10,4,8,6,12,2145,2273,,1305,745,1693,.440,271,732,.370,384,567,.677,261,1037,414,164,82,470,603
62,College of Charleston,34,25,9,.735,4.39,-0.12,14,4,12,2,10,4,2342,2179,,1365,776,1796,.432,209,633,.330,581,788,.737,289,1158,347,191,116,353,582
63,Colorado State,34,23,11,.676,6.61,2.17,13,5,14,4,7,5,2467,2292,,1360,831,1949,.426,241,702,.343,564,768,.734,382,1296,374,205,117,369,590
64,Colorado,33,19,14,.576,9.52,6.15,8,10,13,4,4,8,2494,2376,,1330,858,1922,.446,241,685,.352,537,764,.703,389,1242,460,169,143,403,608
65,Columbia,27,11,16,.407,-5.44,-2.90,5,9,7,6,4,10,1940,1964,,1090,700,1603,.437,211,584,.361,329,465,.708,270,941,418,190,79,346,506
66,Connecticut,33,16,17,.485,7.52,6.89,9,9,8,6,4,8,2220,2189,,1330,778,1809,.430,223,628,.355,441,619,.712,336,1209,432,146,177,402,575
67,Coppin State,32,8,24,.250,-21.14,-7.64,7,9,5,6,3,16,2119,2521,,1290,705,1846,.382,225,708,.318,484,745,.650,367,1115,335,182,72,441,664
68,Cornell,29,8,21,.276,-8.25,-1.40,4,10,3,8,4,12,2074,2238,,1165,746,1646,.453,244,720,.339,338,484,.698,219,976,417,150,78,420,529
69,Creighton *,34,25,9,.735,18.14,9.20,10,8,13,4,7,4,2792,2465,,1360,1052,2072,.508,297,743,.400,391,573,.682,278,1186,587,211,99,423,562
70,Dartmouth,27,7,20,.259,-11.02,-3.32,4,10,3,9,4,11,1812,2020,,1085,631,1463,.431,199,565,.352,351,495,.709,251,917,301,124,48,401,493
71,Davidson,32,17,15,.531,6.70,4.52,8,10,8,5,5,7,2362,2292,,1290,814,1861,.437,292,856,.341,442,587,.753,285,1149,499,163,106,390,583
72,Dayton *,31,24,7,.774,13.18,3.98,15,3,15,1,7,3,2370,2062,,1245,802,1705,.470,251,649,.387,515,748,.689,267,1068,489,243,125,370,578
73,Delaware State,32,10,22,.313,-18.48,-9.04,7,9,4,7,6,14,2186,2399,,1295,782,1865,.419,263,727,.362,359,545,.659,348,1057,429,177,89,438,608
74,Delaware,33,13,20,.394,-9.77,-1.22,5,13,9,5,3,12,2157,2381,,1325,775,1838,.422,196,643,.305,411,599,.686,321,1159,385,176,102,400,625
75,Denver,30,16,14,.533,-2.85,-4.05,8,8,8,5,7,8,2275,2239,,1210,811,1684,.482,223,555,.402,428,583,.734,273,1058,452,150,64,404,603
76,DePaul,32,9,23,.281,2.45,8.13,2,16,8,10,1,9,2206,2388,,1285,775,1804,.430,184,564,.326,472,642,.735,339,1057,366,213,92,451,635
77,Detroit Mercy,31,8,23,.258,-10.49,-1.39,6,12,5,9,3,13,2387,2630,,1255,830,1867,.445,251,675,.372,476,717,.664,320,1036,398,203,78,450,741
78,Drake,31,7,24,.226,-4.54,2.08,5,13,6,9,1,11,2208,2390,,1255,760,1856,.409,270,782,.345,418,553,.756,311,1070,404,188,75,388,563
79,Drexel,32,9,23,.281,-7.22,-2.35,3,15,5,8,4,14,2397,2508,,1300,865,1987,.435,256,741,.345,411,617,.666,379,1177,470,187,98,425,644
80,Duke *,35,27,8,.771,22.49,11.66,11,7,15,1,4,6,2823,2444,,1400,968,2029,.477,288,767,.375,599,790,.758,366,1271,457,207,154,395,632
81,Duquesne,32,10,22,.313,-2.77,0.98,3,15,8,10,1,10,2256,2376,,1280,785,1835,.428,226,677,.334,460,680,.676,343,1167,401,157,127,457,593
82,East Carolina,33,15,18,.455,-0.16,1.66,6,12,12,5,1,11,2088,2148,,1320,716,1796,.399,214,668,.320,442,672,.658,370,1251,394,168,171,460,550
83,East Tennessee State *,34,27,7,.794,7.65,-2.54,14,4,13,2,8,5,2717,2358,,1375,935,1905,.491,256,669,.383,591,840,.704,345,1237,504,284,162,502,679
84,Eastern Illinois,29,14,15,.483,-5.23,-4.93,6,10,8,6,6,9,2169,2083,,1195,772,1852,.417,259,696,.372,366,501,.731,345,1081,444,198,119,369,559
85,Eastern Kentucky,31,12,19,.387,-8.47,-2.26,5,11,8,6,3,12,2197,2330,,1265,750,1751,.428,235,733,.321,462,655,.705,285,1018,422,185,113,430,619
86,Eastern Michigan,33,16,17,.485,0.13,0.48,7,11,10,6,5,10,2566,2409,,1330,918,2046,.449,211,616,.343,519,716,.725,420,1201,443,317,144,399,704
87,Eastern Washington,33,22,11,.667,-2.53,-4.56,13,5,15,1,6,9,2614,2501,,1370,918,1916,.479,270,715,.378,508,662,.767,302,1172,409,153,159,408,662
88,Elon,32,18,14,.563,0.46,-1.18,10,8,10,4,6,8,2403,2292,,1310,850,1911,.445,308,868,.355,395,577,.685,291,1209,466,165,73,374,532
89,Evansville,33,16,17,.485,1.66,2.63,6,12,13,4,2,9,2288,2261,,1335,800,1762,.454,127,347,.366,561,787,.713,298,1136,442,172,99,390,659
90,Fairfield,30,16,14,.533,-4.53,-3.76,11,9,7,6,8,7,2168,2191,,1210,789,1787,.442,249,743,.335,341,500,.682,263,1080,444,161,90,404,550
91,Fairleigh Dickinson,30,11,19,.367,-9.09,-5.13,9,9,7,4,3,14,2183,2250,,1205,754,1713,.440,201,606,.332,474,620,.765,291,993,366,189,78,398,637
92,Florida A&M,30,7,23,.233,-20.55,-11.52,5,11,4,10,3,11,2153,2365,,1220,762,1800,.423,187,538,.348,442,671,.659,304,1047,379,197,99,407,568
93,Florida Atlantic,30,10,20,.333,-7.82,-1.86,6,12,5,9,5,8,2108,2221,,1215,756,1838,.411,204,639,.319,392,558,.703,316,1066,369,171,93,349,570
94,Florida Gulf Coast *,33,26,7,.788,2.15,-3.92,12,2,16,3,10,3,2621,2270,,1330,978,1947,.502,213,608,.350,452,644,.702,370,1243,509,201,115,411,612
95,Florida International,31,7,24,.226,-8.04,-3.21,3,15,6,9,1,13,2178,2282,,1270,805,1773,.454,181,545,.332,387,516,.750,314,1051,346,185,67,414,570
96,Florida State *,33,25,8,.758,20.72,9.54,12,6,18,0,3,6,2721,2352,,1320,982,2032,.483,227,637,.356,530,766,.692,389,1245,485,243,168,390,641
97,Florida *,32,24,8,.750,22.25,10.53,14,4,9,1,8,4,2505,2130,,1290,851,1892,.450,248,685,.362,555,764,.726,367,1193,403,243,150,378,594
98,Fordham,32,13,19,.406,-1.72,1.61,7,11,8,9,5,8,2090,2167,,1300,741,1783,.416,264,791,.334,344,474,.726,260,913,429,314,91,422,611
99,Fresno State,32,20,12,.625,4.30,1.94,11,7,13,2,6,9,2367,2249,,1310,831,1822,.456,202,578,.349,503,744,.676,305,1147,398,267,123,426,693
100,Furman,32,21,11,.656,2.11,-3.26,14,4,11,3,10,7,2381,2121,,1290,842,1771,.475,293,755,.388,404,586,.689,294,1113,482,222,77,413,572
101,Gardner-Webb,33,19,14,.576,-2.85,-5.49,11,7,9,5,8,8,2546,2319,,1345,913,1905,.479,209,552,.379,511,819,.624,371,1259,486,291,118,474,670
102,George Mason,33,20,13,.606,4.05,1.80,9,9,10,6,7,5,2461,2364,,1345,859,1902,.452,177,525,.337,566,760,.745,374,1337,387,164,89,428,555
103,George Washington,33,19,14,.576,3.19,2.76,10,8,13,3,5,7,2303,2289,,1320,766,1818,.421,260,700,.371,511,681,.750,378,1218,437,178,128,435,512
104,Georgetown,32,14,18,.438,11.65,9.78,5,13,9,8,3,7,2369,2309,,1290,808,1752,.461,206,590,.349,547,746,.733,304,1142,480,175,147,456,672
105,Georgia Southern,32,18,14,.563,-2.65,-2.65,11,7,10,3,6,11,2443,2346,,1285,824,1851,.445,300,811,.370,495,747,.663,315,1116,339,218,98,379,631
106,Georgia State,32,20,12,.625,0.53,-1.91,12,6,11,3,6,8,2378,2232,,1285,861,1830,.470,240,667,.360,416,636,.654,327,1143,389,229,138,448,651
107,Georgia Tech,32,17,15,.531,7.71,8.71,8,10,15,4,2,10,2144,2137,,1285,784,1799,.436,144,438,.329,432,635,.680,315,1161,481,207,191,438,526
108,Georgia,33,19,14,.576,11.70,10.55,9,9,12,5,5,7,2366,2315,,1330,809,1839,.440,171,521,.328,577,765,.754,321,1227,423,177,124,439,619
109,Gonzaga *,33,32,1,.970,25.79,2.36,17,1,15,1,10,0,2791,2018,,1320,1002,1934,.518,241,631,.382,546,740,.738,308,1330,529,236,147,372,541
110,Grambling,33,16,17,.485,-16.96,-11.56,10,8,11,2,4,12,2361,2412,,1340,841,1943,.433,184,581,.317,495,747,.663,397,1108,368,292,76,448,658
111,Grand Canyon,31,22,9,.710,-0.24,-4.30,11,3,15,3,5,6,2282,2103,,1250,790,1812,.436,205,619,.331,497,747,.665,335,1166,423,233,79,397,539
112,Green Bay,31,18,13,.581,-2.23,-2.65,12,6,10,3,7,8,2483,2387,,1255,883,1997,.442,193,591,.327,524,761,.689,377,1278,427,238,131,433,608
113,Hampton,30,14,16,.467,-12.71,-9.85,11,5,9,4,5,10,2082,2136,,1210,724,1774,.408,190,596,.319,444,625,.710,365,1115,356,142,111,424,618
114,Hartford,32,9,23,.281,-15.62,-5.34,4,12,6,8,3,15,2136,2465,,1295,730,1815,.402,263,777,.338,413,591,.699,292,1046,367,228,117,459,604
115,Harvard,28,18,10,.643,2.53,-2.01,10,4,11,3,7,5,2012,1842,,1120,699,1564,.447,229,645,.355,385,518,.743,284,1005,403,176,133,370,531
116,Hawaii,30,14,16,.467,-6.01,-4.74,8,8,11,8,3,5,2042,2048,,1210,698,1650,.423,214,658,.325,432,604,.715,287,966,418,150,57,417,570
117,High Point,31,15,16,.484,-8.86,-6.07,9,9,8,8,7,7,2133,2136,,1260,732,1693,.432,196,520,.377,473,636,.744,304,1088,389,184,96,407,539
118,Hofstra,32,15,17,.469,-2.13,-1.68,7,11,7,7,6,7,2473,2454,,1290,846,1908,.443,291,792,.367,490,716,.684,373,1164,419,142,82,341,544
119,Holy Cross,32,15,17,.469,-5.26,-3.51,9,9,9,5,6,12,1932,1988,,1285,663,1552,.427,236,685,.345,370,534,.693,188,811,426,302,76,352,515
120,Houston Baptist,30,17,13,.567,-6.48,-4.25,12,6,13,1,4,11,2362,2300,,1200,843,1851,.455,189,550,.344,487,697,.699,404,1159,440,188,77,402,577
121,Houston,31,21,10,.677,12.78,3.62,12,6,12,4,6,5,2283,1999,,1245,823,1843,.447,261,666,.392,376,527,.713,354,1104,392,166,107,305,580
122,Howard,34,10,24,.294,-16.62,-7.62,5,11,6,6,2,16,2163,2433,,1360,723,1856,.390,172,591,.291,547,833,.657,417,1257,307,179,126,500,636
123,Idaho State,31,5,26,.161,-15.01,-3.28,3,15,4,7,1,16,2164,2486,,1250,742,1708,.434,237,660,.359,443,648,.684,233,921,316,224,73,419,578
124,Idaho,31,18,13,.581,-5.74,-5.84,12,6,11,3,6,9,2284,2232,,1270,764,1764,.433,239,651,.367,517,717,.721,337,1148,395,150,77,397,665
125,Illinois-Chicago,33,15,18,.455,-6.14,-3.59,7,11,8,8,5,8,2520,2525,,1335,859,1942,.442,244,670,.364,558,785,.711,386,1312,465,175,169,532,623
126,Illinois State,33,27,6,.818,10.44,2.78,17,1,15,0,9,4,2271,2012,,1325,811,1851,.438,271,747,.363,378,572,.661,347,1221,447,238,157,412,585
127,Illinois,32,18,14,.563,10.35,9.90,8,10,12,5,3,6,2297,2236,,1285,825,1838,.449,240,650,.369,407,593,.686,313,1114,425,170,74,397,581
128,Incarnate Word,29,12,17,.414,-12.11,-5.59,7,11,10,5,2,12,2212,2320,,1165,736,1617,.455,233,601,.388,507,731,.694,229,950,362,168,136,392,583
129,Indiana State,31,11,20,.355,-0.78,3.42,5,13,8,6,3,10,2170,2255,,1275,762,1832,.416,254,727,.349,392,576,.681,262,1111,417,204,126,395,660
130,Indiana,33,18,15,.545,15.53,8.50,7,11,14,4,2,8,2648,2416,,1350,937,1946,.482,290,757,.383,484,665,.728,402,1293,471,205,155,501,664
131,Iona *,34,22,12,.647,1.11,-3.01,12,8,8,4,7,7,2736,2596,,1375,951,2091,.455,332,836,.397,502,652,.770,326,1223,531,235,101,411,652
132,Iowa State *,33,23,10,.697,20.73,11.85,12,6,12,3,5,6,2669,2376,,1345,971,2072,.469,329,818,.402,398,572,.696,308,1153,522,261,118,335,526
133,Iowa,32,18,14,.563,10.25,7.94,10,8,14,4,3,7,2559,2485,,1310,895,1997,.448,274,738,.371,495,707,.700,384,1229,555,241,122,440,569
134,IPFW,31,19,12,.613,1.09,-3.02,8,8,13,3,6,8,2719,2444,,1260,998,2008,.497,333,819,.407,390,531,.734,320,1173,543,246,122,422,559
135,IUPUI,32,14,18,.438,-4.05,-1.38,7,9,8,4,5,13,2500,2517,,1290,883,1957,.451,288,743,.388,446,653,.683,346,1104,455,217,87,401,655
136,Jackson State,32,14,18,.438,-15.10,-11.24,10,8,10,4,4,13,2066,2142,,1290,716,1860,.385,217,730,.297,417,619,.674,424,1162,350,197,83,390,648
137,Jacksonville State *,34,20,14,.588,-3.02,-3.89,9,7,5,5,10,9,2371,2300,,1370,834,1823,.457,248,666,.372,455,639,.712,349,1221,479,156,126,463,614
138,Jacksonville,32,17,15,.531,-10.01,-8.26,5,9,7,6,8,9,2481,2399,,1285,850,1819,.467,319,784,.407,462,632,.731,291,1044,430,259,56,413,605
139,James Madison,33,10,23,.303,-5.40,-1.58,7,11,6,9,3,13,2194,2299,,1335,770,1733,.444,208,629,.331,446,622,.717,310,1133,385,194,89,467,665
140,Kansas State *,33,20,13,.606,15.10,10.31,8,10,11,5,5,6,2367,2209,,1325,817,1782,.458,234,649,.361,499,724,.689,314,1080,493,258,125,431,585
141,Kansas *,32,28,4,.875,22.74,12.39,16,2,14,1,10,1,2647,2316,,1295,946,1943,.487,279,689,.405,476,715,.666,385,1244,521,222,150,419,578
142,Kennesaw State,32,14,18,.438,-8.21,-5.74,7,7,8,5,6,13,2401,2456,,1280,892,1933,.461,206,495,.416,411,595,.691,358,1145,507,163,95,431,613
143,Kent State *,35,22,13,.629,1.09,-2.00,10,8,10,6,7,5,2692,2531,,1425,955,2231,.428,248,781,.318,534,743,.719,524,1418,439,227,134,458,667
144,Kentucky *,34,29,5,.853,24.26,9.90,16,2,15,2,7,3,2922,2434,,1365,1026,2152,.477,240,680,.353,630,898,.702,428,1367,528,206,179,409,654
145,La Salle,30,15,15,.500,2.19,3.22,9,9,11,4,4,8,2266,2297,,1220,761,1666,.457,255,700,.364,489,638,.766,249,973,425,191,64,394,560
146,Lafayette,30,9,21,.300,-14.66,-3.49,5,13,5,10,4,11,1995,2282,,1205,712,1655,.430,221,662,.334,350,492,.711,205,956,378,148,85,436,514
147,Lamar,33,19,14,.576,-7.15,-8.08,10,8,12,3,6,10,2563,2364,,1335,888,1930,.460,259,719,.360,528,787,.671,386,1163,472,267,91,444,712
148,Lehigh,32,20,12,.625,1.54,-3.30,12,6,12,2,8,10,2432,2261,,1295,857,1788,.479,270,689,.392,448,580,.772,231,1100,467,215,99,450,539
149,Liberty,33,20,13,.606,-5.34,-6.17,14,4,12,5,7,7,2197,2082,,1335,733,1683,.436,302,840,.360,429,581,.738,164,942,428,215,65,347,632
150,Lipscomb,33,20,13,.606,-1.40,-4.30,11,3,11,5,9,6,2804,2562,,1325,939,1978,.475,340,928,.366,586,811,.723,340,1214,599,218,104,500,702
151,Long Beach State,34,15,19,.441,-5.79,-0.42,9,7,10,2,3,15,2549,2666,,1385,895,2035,.440,216,616,.351,543,750,.724,394,1212,447,199,92,488,682
152,Long Island University,32,20,12,.625,-7.60,-8.31,13,5,8,5,9,6,2278,2218,,1295,803,1846,.435,184,534,.345,488,710,.687,422,1242,350,186,107,461,641
153,Longwood,30,6,24,.200,-21.00,-5.93,3,15,5,9,1,15,2018,2408,,1200,738,1660,.445,186,568,.327,356,487,.731,218,922,324,175,124,457,539
154,Louisiana-Lafayette,33,21,12,.636,-0.37,-3.02,10,8,12,4,8,7,2704,2518,,1325,945,2022,.467,231,673,.343,583,839,.695,441,1252,475,233,91,439,621
155,Louisiana-Monroe,33,9,24,.273,-7.67,-2.34,2,16,6,8,2,12,2198,2299,,1350,814,1916,.425,237,713,.332,333,498,.669,347,1174,443,154,73,434,576
156,Louisiana State,31,10,21,.323,0.68,8.84,2,16,8,8,1,10,2319,2572,,1240,853,1893,.451,196,584,.336,417,599,.696,355,1115,397,186,110,452,593
157,Louisiana Tech,33,23,10,.697,5.29,-4.26,14,4,15,2,6,7,2557,2203,,1325,911,1952,.467,257,711,.361,478,674,.709,335,1244,543,223,176,407,519
158,Louisville *,32,24,8,.750,23.76,12.07,12,6,16,1,5,5,2481,2107,,1290,893,1960,.456,228,635,.359,467,682,.685,425,1270,435,216,176,357,622
159,Loyola (IL),32,18,14,.563,5.36,1.23,8,10,13,3,3,9,2348,2137,,1300,852,1754,.486,259,665,.389,385,543,.709,218,1000,474,218,76,378,545
160,Loyola Marymount,30,15,15,.500,-0.11,1.96,8,10,10,7,5,7,2113,2125,,1205,779,1755,.444,217,614,.353,338,545,.620,332,1022,444,228,120,395,610
161,Loyola (MD),31,15,16,.484,-6.78,-3.68,8,10,10,4,5,10,2039,2119,,1250,703,1667,.422,162,492,.329,471,684,.689,362,1032,364,224,104,465,598
162,Maine,32,7,25,.219,-16.08,-3.76,3,13,4,9,3,14,2069,2400,,1280,746,1849,.403,212,665,.319,365,558,.654,325,1123,377,165,64,418,562
163,Manhattan,32,10,22,.313,-9.52,-2.45,5,15,7,7,3,13,2259,2485,,1305,754,1813,.416,209,636,.329,542,743,.729,354,1118,350,224,103,528,790
164,Marist,32,8,24,.250,-12.23,-2.64,5,15,5,8,2,14,2223,2530,,1290,749,1747,.429,245,736,.333,480,662,.725,235,998,352,146,83,409,628
165,Marquette *,31,19,12,.613,16.27,8.75,10,8,14,3,4,6,2558,2325,,1245,894,1834,.487,325,755,.430,445,571,.779,274,1030,513,228,112,378,600
166,Marshall,35,20,15,.571,0.35,-0.88,10,8,13,3,4,11,2997,2939,,1415,1021,2237,.456,356,962,.370,599,816,.734,325,1291,576,211,140,433,643
167,Maryland-Baltimore County,30,18,12,.600,-3.64,-5.71,9,7,10,4,8,8,2443,2315,,1230,852,1821,.468,287,725,.396,452,616,.734,281,1058,441,201,73,351,576
168,Maryland-Eastern Shore,34,14,20,.412,-13.41,-7.26,9,7,7,4,5,14,2424,2583,,1380,854,2013,.424,262,765,.342,456,668,.683,348,1142,449,193,89,436,665
169,Maryland *,32,24,8,.750,13.35,8.35,12,6,13,5,8,2,2373,2170,,1285,805,1786,.451,265,730,.363,498,713,.698,344,1149,459,173,151,416,594
170,Massachusetts-Lowell,31,11,20,.355,-9.90,-6.17,5,11,8,6,2,14,2429,2517,,1255,877,1824,.481,258,662,.390,417,567,.735,279,1038,495,171,64,474,621
171,Massachusetts,33,15,18,.455,1.93,1.96,4,14,11,7,3,10,2371,2372,,1320,847,1939,.437,234,789,.297,443,671,.660,333,1185,529,250,169,489,722
172,McNeese State,29,7,22,.241,-14.19,-4.03,4,14,4,10,3,12,2043,2292,,1165,715,1697,.421,195,587,.332,418,610,.685,283,977,302,159,91,403,573
173,Memphis,32,19,13,.594,6.63,3.35,9,9,14,4,4,7,2367,2262,,1290,852,1926,.442,181,613,.295,482,706,.683,373,1172,508,221,150,367,534
174,Mercer,32,15,17,.469,-0.70,-0.50,9,9,8,7,6,7,2269,2184,,1295,787,1774,.444,244,698,.350,449,574,.782,365,1174,433,134,74,367,546
175,Miami (FL) *,32,21,11,.656,15.80,10.11,10,8,14,2,4,6,2220,2038,,1285,792,1748,.453,205,571,.359,431,600,.718,354,1153,381,204,124,407,496
176,Miami (OH),32,11,21,.344,-7.92,-1.85,4,14,10,8,1,13,2249,2384,,1290,787,1815,.434,199,647,.308,476,689,.691,297,1091,364,238,125,467,642
177,Michigan State *,33,19,14,.576,13.73,10.37,10,8,14,2,2,7,2367,2256,,1325,850,1817,.468,259,689,.376,408,615,.663,313,1211,560,147,158,467,667
178,Michigan *,35,24,11,.686,18.82,9.56,10,8,15,3,3,8,2618,2294,,1415,920,1905,.483,328,860,.381,450,581,.775,263,1029,481,208,96,331,526
179,Middle Tennessee *,34,30,4,.882,9.56,-1.35,17,1,13,2,11,2,2551,2153,,1365,961,1962,.490,217,590,.368,412,590,.698,334,1208,518,233,97,355,614
180,Milwaukee,35,11,24,.314,-7.22,-2.01,4,14,5,8,2,13,2347,2494,,1430,860,1949,.441,272,782,.348,355,538,.660,292,1107,467,164,53,420,641
181,Minnesota *,33,24,9,.727,15.28,9.10,11,7,17,3,5,5,2484,2280,,1350,863,1985,.435,203,589,.345,555,785,.707,374,1317,492,189,224,385,556
182,Mississippi State,32,16,16,.500,7.15,5.93,6,12,10,7,2,8,2320,2281,,1285,821,1849,.444,247,711,.347,431,627,.687,309,1130,386,239,131,432,638
183,Mississippi Valley State,32,7,25,.219,-20.25,-6.82,7,11,5,4,2,20,2235,2665,,1295,818,1942,.421,174,508,.343,423,651,.650,384,1108,374,218,60,460,624
184,Mississippi,33,20,13,.606,9.64,7.97,10,8,13,5,4,6,2565,2510,,1330,826,1970,.419,253,735,.344,660,881,.749,418,1303,416,219,140,471,648
185,Missouri-Kansas City,33,17,16,.515,-5.40,-1.27,8,6,11,5,4,9,2538,2599,,1325,861,1956,.440,295,797,.370,521,731,.713,329,1141,426,221,89,483,734
186,Missouri State,33,17,16,.515,3.02,1.37,7,11,11,6,4,8,2403,2277,,1345,838,1895,.442,270,744,.363,457,652,.701,376,1212,403,176,127,406,585
187,Missouri,32,8,24,.250,3.04,6.79,2,16,6,11,0,9,2213,2333,,1290,744,1893,.393,225,739,.304,500,732,.683,357,1168,386,200,68,384,647
188,Monmouth,33,27,6,.818,5.09,-2.94,18,2,13,1,12,4,2678,2413,,1335,899,2054,.438,287,775,.370,593,784,.756,369,1279,410,230,152,413,677
189,Montana State,32,16,16,.500,-5.99,-5.72,11,7,12,5,4,10,2561,2532,,1320,857,1968,.435,320,853,.375,527,722,.730,336,1167,423,181,74,393,732
190,Montana,32,16,16,.500,-2.62,-3.96,11,7,8,5,7,8,2391,2348,,1290,843,1879,.449,238,667,.357,467,621,.752,310,1084,416,181,91,345,699
191,Morehead State,30,14,16,.467,-3.44,-1.69,10,6,10,4,4,11,2370,2311,,1215,878,1906,.461,219,568,.386,395,544,.726,397,1129,482,202,95,404,633
192,Morgan State,30,14,16,.467,-14.75,-10.92,11,5,9,5,5,10,2025,2121,,1210,691,1793,.385,159,541,.294,484,681,.711,411,1168,322,170,101,420,602
193,Mount St. Mary's *,34,19,15,.559,-4.37,-4.11,14,4,11,4,8,11,2323,2332,,1365,831,1873,.444,246,690,.357,415,615,.675,260,1030,379,211,136,447,612
194,Murray State,33,16,17,.485,-2.94,-4.30,8,8,10,4,3,11,2639,2543,,1350,899,2040,.441,289,803,.360,552,751,.735,399,1243,458,198,75,403,659
195,Navy,32,16,16,.500,-4.04,-3.85,10,8,11,5,5,9,2076,2055,,1285,735,1740,.422,206,670,.307,400,624,.641,424,1134,433,227,66,466,594
196,Nebraska-Omaha,32,18,14,.563,-2.03,-0.90,9,7,8,4,8,9,2685,2673,,1295,895,1972,.454,297,765,.388,598,799,.748,330,1149,442,262,107,445,616
197,Nebraska,31,12,19,.387,6.79,11.06,6,12,8,8,3,8,2168,2264,,1260,793,1906,.416,179,560,.320,403,568,.710,411,1187,354,211,116,411,577
198,Nevada-Las Vegas,32,11,21,.344,-3.70,2.65,4,14,9,10,2,9,2202,2405,,1295,747,1893,.395,213,666,.320,495,711,.696,363,1210,412,189,85,409,539
199,Nevada *,34,28,6,.824,10.63,1.61,14,4,13,1,8,4,2719,2412,,1365,907,2017,.450,312,811,.385,593,843,.703,374,1323,546,181,148,379,567
200,New Hampshire,32,20,12,.625,-3.36,-4.26,10,6,11,4,9,8,2277,2118,,1300,783,1787,.438,256,727,.352,455,628,.725,324,1228,399,129,59,401,505
201,New Mexico State *,33,28,5,.848,4.57,-4.80,11,3,17,1,8,4,2605,2219,,1325,885,1893,.468,244,725,.337,591,830,.712,426,1312,490,160,126,454,609
202,New Mexico,31,17,14,.548,3.14,2.17,10,8,11,4,5,7,2283,2253,,1245,778,1693,.460,145,444,.327,582,780,.746,274,1071,419,189,109,403,611
203,New Orleans *,31,20,11,.645,-4.05,-5.37,13,5,11,3,7,8,2265,2148,,1260,801,1701,.471,138,429,.322,525,737,.712,375,1112,488,242,95,519,544
204,Niagara,33,10,23,.303,-8.23,-4.26,6,14,5,8,3,13,2448,2579,,1335,846,2035,.416,244,667,.366,512,683,.750,389,1260,416,172,152,428,604
205,Nicholls State,31,14,17,.452,-14.39,-5.05,7,11,10,3,4,14,2316,2464,,1255,771,1804,.427,278,805,.345,496,671,.739,303,1020,430,234,190,452,599
206,NJIT,31,11,20,.355,-9.85,-3.95,3,11,8,4,2,15,2253,2320,,1245,786,1857,.423,258,775,.333,421,599,.703,352,1134,395,203,89,436,599
207,Norfolk State,34,17,17,.500,-11.77,-8.27,12,4,10,2,5,11,2374,2430,,1380,827,1949,.424,225,663,.339,495,727,.681,363,1307,375,173,180,502,705
208,North Carolina-Asheville,32,23,9,.719,1.59,-5.55,15,3,13,1,10,7,2469,2172,,1305,878,1850,.475,258,652,.396,455,667,.682,274,1068,499,300,62,369,531
209,North Carolina A&T,32,3,29,.094,-22.73,-9.27,1,15,3,10,0,18,2056,2435,,1300,728,1716,.424,200,610,.328,400,587,.681,351,1102,352,144,69,465,629
210,North Carolina Central *,33,25,8,.758,-2.70,-12.07,13,3,11,2,11,6,2479,2092,,1320,886,1938,.457,250,735,.340,457,671,.681,390,1283,466,199,112,397,572
211,North Carolina-Greensboro,34,25,9,.735,0.31,-2.72,14,4,13,4,8,4,2551,2334,,1360,914,1972,.463,301,778,.387,422,595,.709,392,1215,503,237,133,463,614
212,North Carolina State,32,15,17,.469,6.71,8.71,4,14,11,7,2,8,2483,2547,,1290,888,1898,.468,226,635,.356,481,687,.700,329,1161,457,162,138,429,582
213,North Carolina-Wilmington *,34,29,5,.853,8.04,-0.99,15,3,13,1,11,3,2896,2548,,1365,1046,2170,.482,326,891,.366,478,691,.692,408,1221,549,230,113,354,679
214,North Carolina *,34,27,7,.794,25.12,11.70,14,4,16,0,6,5,2887,2401,,1365,1055,2239,.471,246,672,.366,531,753,.705,537,1478,619,236,110,405,605
215,North Dakota State,30,19,11,.633,-1.12,-2.44,11,5,11,2,7,7,2244,2146,,1215,775,1693,.458,232,630,.368,462,650,.711,258,1047,365,183,111,348,501
216,North Dakota *,31,22,9,.710,-1.83,-6.22,14,4,11,2,7,6,2496,2257,,1260,894,1850,.483,218,563,.387,490,682,.718,286,1115,469,245,91,413,649
217,North Florida,34,15,19,.441,-7.62,-1.48,8,6,10,5,4,13,2637,2674,,1360,926,2025,.457,295,841,.351,490,748,.655,423,1321,447,185,143,541,639
218,North Texas,30,8,22,.267,-11.03,-3.21,2,16,7,11,1,11,2075,2258,,1205,740,1747,.424,186,582,.320,409,633,.646,300,1075,338,199,95,412,567
219,Northeastern,31,15,16,.484,-0.59,-0.72,8,10,7,4,7,10,2234,2230,,1255,767,1682,.456,267,728,.367,433,636,.681,264,1039,414,170,112,390,522
220,Northern Arizona,32,9,23,.281,-13.86,-5.89,6,12,5,7,2,12,2217,2436,,1285,769,1892,.406,239,746,.320,440,644,.683,382,1218,440,142,63,468,590
221,Northern Colorado,29,11,18,.379,-9.12,-4.04,7,11,6,6,4,11,2075,2167,,1170,732,1666,.439,254,732,.347,357,590,.605,306,1075,392,147,64,407,563
222,Northern Illinois,32,15,17,.469,-3.05,-1.81,7,11,9,8,6,9,2310,2261,,1310,828,1891,.438,161,516,.312,493,728,.677,400,1211,347,226,80,430,618
223,Northern Iowa,30,14,16,.467,1.44,5.37,9,9,9,4,3,9,1854,1931,,1215,622,1559,.399,229,702,.326,381,520,.733,182,878,298,197,84,342,464
224,Northern Kentucky *,34,24,10,.706,-0.45,-3.48,12,6,12,2,8,7,2589,2428,,1360,902,1964,.459,292,827,.353,493,729,.676,378,1279,475,194,95,460,600
225,Northwestern State,29,13,16,.448,-11.94,-5.98,7,11,7,6,5,10,2204,2301,,1170,751,1698,.442,203,555,.366,499,723,.690,334,1049,405,196,77,439,568
226,Northwestern *,34,23,11,.676,14.21,8.18,10,8,14,4,5,5,2417,2212,,1360,860,1975,.435,242,709,.341,455,606,.751,366,1231,518,172,170,359,647
227,Notre Dame *,34,25,9,.735,18.94,10.15,12,6,16,2,5,4,2652,2353,,1365,937,2033,.461,320,830,.386,458,573,.799,317,1148,544,245,128,322,503
228,Oakland,32,24,8,.750,4.03,-3.63,14,4,13,4,10,2,2542,2263,,1285,880,1935,.455,227,688,.330,555,730,.760,327,1246,548,260,163,435,556
229,Ohio State,32,17,15,.531,10.70,7.67,7,11,13,6,4,7,2329,2232,,1285,827,1786,.463,211,592,.356,464,680,.682,324,1191,434,166,121,424,562
230,Ohio,31,20,11,.645,4.14,-2.33,11,7,12,4,7,6,2387,2166,,1240,835,1837,.455,285,742,.384,432,626,.690,283,1141,415,182,88,388,550
231,Oklahoma State *,32,20,12,.625,19.23,12.00,9,9,11,5,7,5,2737,2497,,1280,922,1986,.464,287,716,.401,606,770,.787,438,1175,469,249,96,422,708
232,Oklahoma,31,11,20,.355,11.49,12.68,5,13,8,7,1,9,2262,2299,,1265,788,1863,.423,192,558,.344,494,685,.721,361,1173,328,213,147,428,602
233,Old Dominion,31,19,12,.613,2.13,-1.16,12,6,11,4,7,5,1998,1896,,1250,727,1765,.412,157,485,.324,387,602,.643,411,1190,422,196,142,350,566
234,Oral Roberts,30,8,22,.267,-5.28,1.48,4,12,7,6,1,13,2252,2398,,1210,810,1819,.445,216,588,.367,416,548,.759,276,1034,423,162,88,361,534
235,Oregon State,32,5,27,.156,-4.36,6.13,1,17,5,11,0,13,2021,2321,,1285,721,1686,.428,203,586,.346,376,569,.661,290,1038,380,177,118,491,611
236,Oregon *,34,29,5,.853,20.78,7.48,16,2,17,0,7,3,2689,2211,,1365,954,1982,.481,292,773,.378,489,688,.711,355,1240,558,221,226,394,544
237,Pacific,33,11,22,.333,-4.22,2.44,4,14,8,8,2,12,2206,2371,,1325,784,1939,.404,185,560,.330,453,671,.675,383,1225,396,140,63,386,690
238,Penn State,33,15,18,.455,8.30,9.30,6,12,9,7,3,7,2367,2400,,1345,825,1989,.415,230,679,.339,487,654,.745,330,1166,449,224,184,430,596
239,Pennsylvania,28,13,15,.464,-0.39,-1.24,6,8,6,6,7,8,1928,1904,,1125,710,1603,.443,234,690,.339,274,417,.657,266,972,401,181,100,358,501
240,Pepperdine,31,9,22,.290,-9.66,2.21,5,13,7,7,1,12,2140,2490,,1240,807,1811,.446,178,482,.369,348,543,.641,295,1033,420,157,84,389,531
241,Pittsburgh,33,16,17,.485,9.95,11.77,4,14,11,6,2,8,2404,2464,,1340,807,1825,.442,263,728,.361,527,719,.733,313,1158,473,127,112,397,548
242,Portland State,31,15,16,.484,-6.98,-6.55,7,11,10,3,4,12,2645,2535,,1280,959,1991,.482,238,697,.341,489,743,.658,320,1064,491,307,81,376,590
243,Portland,33,11,22,.333,-5.46,2.67,2,16,5,10,2,9,2215,2383,,1335,758,1793,.423,214,573,.373,485,655,.740,274,1098,325,163,112,425,581
244,Prairie View,33,13,20,.394,-14.25,-8.19,10,8,10,3,3,17,2276,2419,,1330,788,1839,.428,237,678,.350,463,659,.703,290,1019,404,273,121,439,700
245,Presbyterian,30,5,25,.167,-23.48,-5.80,1,17,5,8,0,17,1836,2245,,1205,667,1618,.412,181,523,.346,321,468,.686,300,979,364,143,72,451,519
246,Princeton *,29,23,6,.793,6.47,-2.32,14,0,10,1,10,4,2091,1783,,1165,750,1659,.452,290,758,.383,301,410,.734,239,970,413,198,89,289,468
247,Providence *,32,20,12,.625,11.83,8.21,10,8,15,3,4,7,2248,2132,,1285,779,1744,.447,230,625,.368,460,666,.691,287,1074,454,215,96,403,548
248,Purdue *,32,25,7,.781,21.37,8.40,14,4,15,2,6,4,2564,2149,,1295,894,1864,.480,288,709,.406,488,639,.764,315,1217,580,167,80,418,504
249,Quinnipiac,31,10,21,.323,-9.74,-3.09,7,13,6,8,3,10,2377,2583,,1250,848,2008,.422,228,700,.326,453,663,.683,432,1223,447,178,111,448,607
250,Radford,32,14,18,.438,-11.17,-4.40,8,10,8,6,4,11,2090,2247,,1300,745,1802,.413,247,715,.345,353,530,.666,394,1219,393,153,114,469,550
251,Rhode Island *,33,24,9,.727,12.56,4.07,13,5,13,3,7,5,2421,2141,,1325,860,1902,.452,207,610,.339,494,752,.657,391,1235,445,211,201,372,688
252,Rice,33,22,11,.667,0.56,-4.32,11,7,12,5,9,5,2689,2489,,1335,887,1926,.461,311,800,.389,604,820,.737,338,1257,454,205,122,490,633
253,Richmond,32,20,12,.625,5.58,2.99,13,5,11,5,7,5,2370,2287,,1290,851,1826,.466,250,731,.342,418,587,.712,221,998,542,218,62,373,587
254,Rider,33,18,15,.545,-5.19,-5.13,10,10,7,5,9,9,2498,2500,,1325,907,2034,.446,179,539,.332,505,752,.672,421,1331,466,219,119,480,650
255,Robert Morris,33,14,19,.424,-8.34,-4.91,9,9,6,7,6,12,2125,2238,,1325,728,1818,.400,183,574,.319,486,750,.648,363,1139,348,261,80,498,671
256,Rutgers,33,15,18,.455,4.03,6.57,3,15,10,6,3,10,2163,2215,,1325,809,1967,.411,152,502,.303,393,631,.623,480,1319,360,217,153,437,584
257,Sacramento State,31,13,18,.419,-10.53,-5.42,9,9,8,5,4,10,2204,2303,,1260,808,1759,.459,160,506,.316,428,657,.651,306,1100,408,145,135,360,568
258,Sacred Heart,32,13,19,.406,-10.75,-7.31,8,10,6,8,6,10,2326,2436,,1305,832,1882,.442,200,597,.335,462,659,.701,361,1194,459,217,86,517,617
259,Saint Francis (PA),32,16,16,.500,-7.81,-7.49,11,7,8,6,8,10,2420,2370,,1295,880,1897,.464,255,658,.388,405,581,.697,344,1181,433,215,129,476,521
260,Saint Joseph's,31,11,20,.355,0.41,3.96,4,14,6,8,4,9,2155,2265,,1250,755,1808,.418,174,537,.324,471,725,.650,351,1132,352,150,106,371,547
261,Saint Louis,33,12,21,.364,-5.75,2.19,6,12,10,8,1,10,2026,2288,,1330,700,1733,.404,230,672,.342,396,597,.663,279,1093,423,164,95,442,639
262,Saint Mary's (CA) *,32,28,4,.875,17.18,1.68,16,2,15,2,10,1,2304,1808,,1280,842,1698,.496,282,706,.399,338,452,.748,308,1138,536,133,102,337,472
263,Saint Peter's,32,19,13,.594,1.00,-3.72,14,6,8,5,8,7,2129,1978,,1290,738,1698,.435,256,668,.383,397,558,.711,270,1053,386,223,89,354,517
264,Sam Houston State,34,21,13,.618,-7.41,-6.21,10,8,14,2,5,9,2526,2424,,1365,898,2055,.437,212,671,.316,518,755,.686,401,1283,507,239,93,465,758
265,Samford,34,19,15,.559,-1.25,-3.32,8,10,9,6,8,8,2698,2593,,1410,906,1941,.467,271,673,.403,615,831,.740,330,1238,554,215,81,466,652
266,San Diego State,33,19,14,.576,7.06,1.65,9,9,10,4,3,9,2260,2064,,1325,782,1878,.416,233,736,.317,463,663,.698,350,1199,360,227,164,388,572
267,San Diego,31,13,18,.419,-5.43,1.27,6,12,7,10,6,7,2025,2210,,1265,666,1636,.407,258,741,.348,435,603,.721,251,1028,376,121,54,385,600
268,San Francisco,32,20,12,.625,4.52,0.75,10,8,12,4,5,6,2286,2137,,1280,840,1855,.453,292,818,.357,314,500,.628,299,1145,414,209,89,405,618
269,San Jose State,30,14,16,.467,-2.75,1.82,7,11,9,7,5,8,2195,2245,,1205,772,1750,.441,200,574,.348,451,643,.701,283,1015,417,190,124,394,589
270,Santa Clara,33,17,16,.515,3.07,2.41,10,8,11,6,5,7,2204,2158,,1340,778,1784,.436,318,832,.382,330,451,.732,203,980,464,170,65,343,617
271,Savannah State,29,13,16,.448,-15.71,-8.11,10,6,7,4,6,10,2485,2665,,1165,833,2030,.410,392,1182,.332,427,659,.648,354,1169,501,226,94,431,571
272,Seattle,30,13,17,.433,-8.54,-4.13,5,9,9,7,3,9,2091,2141,,1225,713,1646,.433,260,756,.344,405,573,.707,222,1011,476,199,62,435,568
273,Seton Hall *,32,21,11,.656,12.63,9.50,10,8,12,2,4,6,2346,2246,,1295,846,1880,.450,196,581,.337,458,712,.643,418,1266,394,222,79,434,595
274,Siena,34,17,17,.500,-1.90,-2.14,12,8,10,4,5,12,2549,2541,,1365,899,1989,.452,186,568,.327,565,795,.711,430,1284,460,199,140,476,664
275,South Alabama,32,14,18,.438,-6.38,-2.72,7,11,10,7,4,10,2286,2322,,1300,793,1859,.427,223,702,.318,475,725,.655,332,1108,408,240,119,420,653
276,South Carolina State,31,11,20,.355,-18.04,-6.28,7,9,6,4,4,14,2167,2486,,1250,796,1849,.431,185,578,.320,390,564,.691,320,991,380,154,64,381,594
277,South Carolina Upstate,32,17,15,.531,-7.04,-5.32,7,7,8,7,7,8,2518,2451,,1295,914,1983,.461,280,797,.351,410,627,.654,386,1247,500,170,101,406,535
278,South Carolina *,32,22,10,.688,15.57,8.63,12,6,15,3,6,5,2306,2063,,1305,787,1897,.415,216,637,.339,516,747,.691,398,1163,404,251,124,428,665
279,South Dakota State *,34,18,16,.529,-2.36,-1.30,8,8,11,3,3,12,2637,2631,,1375,863,1880,.459,313,863,.363,598,771,.776,307,1191,451,177,79,439,567
280,South Dakota,33,22,11,.667,-0.15,-2.25,12,4,13,1,7,6,2564,2426,,1325,882,1985,.444,217,640,.339,583,827,.705,339,1238,400,220,112,390,638
281,South Florida,30,7,23,.233,-7.09,2.58,1,17,6,11,1,11,1945,2235,,1205,716,1684,.425,174,503,.346,339,516,.657,328,1053,365,183,115,489,579
282,Southeast Missouri State,33,15,18,.455,-5.80,-4.19,9,7,10,4,4,11,2460,2464,,1330,852,1897,.449,263,716,.367,493,664,.742,289,1024,454,248,63,410,644
283,Southeastern Louisiana,32,16,16,.500,-7.19,-7.96,9,9,11,3,5,12,2268,2182,,1280,796,1770,.450,215,593,.363,461,675,.683,384,1154,455,218,106,513,619
284,Southern California *,33,24,9,.727,11.19,5.68,10,8,14,3,6,5,2597,2415,,1325,897,1977,.454,259,713,.363,544,736,.739,356,1193,505,239,179,367,524
285,SIU Edwardsville,30,6,24,.200,-12.06,-3.10,1,15,3,10,2,13,2044,2282,,1210,687,1686,.407,142,486,.292,528,780,.677,353,1073,305,142,85,438,657
286,Southern Illinois,33,17,16,.515,1.32,2.88,9,9,11,6,5,9,2260,2289,,1340,808,1866,.433,175,554,.316,469,674,.696,348,1114,375,225,128,398,594
287,Southern Methodist *,34,30,4,.882,19.12,4.41,17,1,18,0,8,3,2534,2034,,1360,890,1877,.474,277,682,.406,477,685,.696,406,1305,555,195,117,369,491
288,Southern Mississippi,31,9,22,.290,-13.21,-2.59,6,12,8,6,1,12,1952,2239,,1260,690,1728,.399,200,655,.305,372,526,.707,258,1058,376,145,64,406,527
289,Southern Utah,33,6,27,.182,-15.45,-5.25,3,15,3,10,2,14,2559,2814,,1335,815,2004,.407,291,815,.357,638,861,.741,383,1218,381,185,107,452,803
290,Southern,33,15,18,.455,-14.20,-11.40,10,8,11,4,4,13,2360,2401,,1325,825,1887,.437,163,510,.320,547,786,.696,402,1247,384,184,121,452,635
291,St. Bonaventure,32,20,12,.625,6.19,1.72,11,7,11,4,5,5,2459,2316,,1290,825,1864,.443,201,577,.348,608,791,.769,369,1153,423,230,138,401,668
292,St. Francis (NY),31,4,27,.129,-19.02,-6.32,2,16,3,10,0,16,1921,2284,,1250,650,1871,.347,221,792,.279,400,616,.649,390,1078,287,208,89,379,672
293,St. John's (NY),33,14,19,.424,6.94,8.88,7,11,9,5,4,9,2534,2598,,1320,866,2000,.433,278,763,.364,524,722,.726,337,1137,446,224,197,433,688
294,Stanford,31,14,17,.452,6.67,8.87,6,12,10,5,1,10,2162,2204,,1245,772,1753,.440,157,490,.320,461,676,.682,315,1067,421,211,79,399,604
295,Stephen F. Austin,32,18,14,.563,-6.36,-5.84,12,6,12,2,4,9,2239,2198,,1290,764,1703,.449,189,590,.320,522,727,.718,365,1117,398,219,98,560,699
296,Stetson,32,11,21,.344,-14.03,-5.27,3,11,7,7,4,13,2471,2654,,1285,886,2007,.441,261,769,.339,438,665,.659,273,1128,436,155,71,362,608
297,Stony Brook,31,18,13,.581,-4.37,-4.79,12,4,10,6,7,7,2146,2133,,1240,731,1796,.407,245,735,.333,437,606,.721,334,1063,378,166,100,318,600
298,Syracuse,32,18,14,.563,14.55,9.24,10,8,16,3,2,8,2424,2254,,1290,836,1833,.456,283,740,.382,469,638,.735,339,1110,498,256,151,390,514
299,Temple,32,16,16,.500,5.20,5.45,7,11,9,7,4,8,2269,2277,,1295,808,1916,.422,287,807,.356,366,506,.723,320,1096,464,208,128,365,584
300,Tennessee-Martin,33,21,12,.636,-4.52,-4.23,10,6,13,2,7,9,2548,2482,,1335,918,1961,.468,266,763,.349,446,643,.694,424,1247,529,218,116,502,585
301,Tennessee State,30,17,13,.567,-1.41,-2.81,8,8,7,5,8,7,2134,2032,,1220,744,1680,.443,170,502,.339,476,688,.692,365,1117,339,201,102,451,633
302,Tennessee Tech,32,12,20,.375,-7.46,-4.03,8,8,7,8,5,11,2317,2340,,1300,785,1860,.422,241,742,.325,506,715,.708,353,1144,435,213,115,434,675
303,Tennessee,32,16,16,.500,11.32,10.22,8,10,11,6,4,7,2383,2335,,1285,803,1903,.422,189,579,.326,588,807,.729,388,1206,441,175,146,400,670
304,Texas A&M-Corpus Christi,31,20,11,.645,-5.25,-6.50,12,6,13,1,6,9,2335,2252,,1255,832,1769,.470,167,503,.332,504,696,.724,321,1052,409,280,126,422,613
305,Texas A&M,31,16,15,.516,10.38,7.99,8,10,11,5,3,7,2176,2102,,1240,804,1754,.458,189,574,.329,379,584,.649,401,1193,489,186,173,438,511
306,Texas-Arlington,33,25,8,.758,5.32,-1.23,14,4,13,0,11,7,2552,2278,,1320,902,1968,.458,279,830,.336,469,693,.677,396,1277,506,237,73,437,625
307,Texas Christian,34,19,15,.559,14.76,11.61,6,12,13,6,3,8,2512,2390,,1365,913,1970,.463,242,688,.352,444,646,.687,385,1206,563,218,156,443,590
308,Texas-El Paso,32,15,17,.469,-3.02,-2.41,12,6,8,8,5,6,2217,2202,,1300,812,1731,.469,180,517,.348,413,624,.662,235,1101,463,172,99,427,618
309,Texas-Rio Grande Valley,32,10,22,.313,-11.75,-4.00,2,12,7,7,1,14,2505,2665,,1305,869,2050,.424,276,821,.336,491,685,.717,382,1180,484,246,82,507,780
310,Texas-San Antonio,33,14,19,.424,-7.50,-3.11,8,10,11,3,2,15,2178,2291,,1320,769,1959,.393,172,608,.283,468,703,.666,425,1293,357,183,62,418,642
311,Texas Southern *,34,23,11,.676,-5.93,-8.52,16,2,10,0,11,11,2529,2441,,1370,844,1955,.432,198,666,.297,643,877,.733,397,1201,400,244,108,397,590
312,Texas State,33,20,13,.606,-2.47,-4.28,11,7,11,3,5,9,2229,2092,,1335,804,1786,.450,204,599,.341,417,636,.656,319,1104,482,212,141,385,586
313,Texas Tech,32,18,14,.563,14.20,7.95,6,12,16,3,1,9,2346,2146,,1300,835,1776,.470,212,577,.367,464,633,.733,298,1050,427,169,98,354,562
314,Texas,33,11,22,.333,11.08,12.83,4,14,10,7,0,11,2215,2273,,1320,810,1846,.439,181,619,.292,414,637,.650,323,1133,376,190,149,443,588
315,Toledo,33,17,16,.515,1.48,-0.77,9,9,12,4,4,9,2606,2494,,1370,915,1909,.479,256,704,.364,520,748,.695,333,1243,540,133,91,438,563
316,Towson,33,20,13,.606,2.09,-1.04,11,7,12,3,6,8,2447,2285,,1335,850,1900,.447,155,499,.311,592,868,.682,445,1305,348,226,118,426,686
317,Troy *,36,22,14,.611,-0.27,-3.89,10,8,10,4,6,10,2824,2580,,1445,958,2094,.457,306,844,.363,602,833,.723,392,1325,474,220,127,445,635
318,Tulane,31,6,25,.194,-3.75,4.48,3,15,4,10,2,10,2179,2434,,1255,751,1856,.405,221,683,.324,456,636,.717,349,1062,398,192,119,420,646
319,Tulsa,32,15,17,.469,2.68,5.52,8,10,10,5,3,9,2158,2249,,1285,701,1673,.419,234,683,.343,522,716,.729,311,1112,362,145,80,475,579
320,UCLA *,33,29,4,.879,20.88,5.85,15,3,16,1,8,2,2982,2486,,1320,1113,2144,.519,327,807,.405,429,576,.745,322,1295,709,202,178,381,542
321,Utah State,32,15,17,.469,3.01,2.58,7,11,11,5,3,8,2337,2248,,1285,828,1779,.465,245,646,.379,436,624,.699,273,1144,492,159,92,408,605
322,Utah Valley,31,15,16,.484,-2.35,-2.82,6,8,8,5,6,10,2388,2277,,1265,804,1842,.436,272,855,.318,508,721,.705,270,1221,484,199,116,479,606
323,Utah,31,20,11,.645,13.09,4.50,11,7,14,3,5,6,2443,2107,,1250,909,1797,.506,210,590,.356,415,606,.685,310,1177,459,190,104,415,520
324,Valparaiso,32,24,8,.750,4.68,-1.84,14,4,15,2,7,5,2408,2192,,1290,827,1855,.446,214,652,.328,540,697,.775,344,1225,414,204,96,412,602
325,Vanderbilt *,34,19,15,.559,13.83,10.71,10,8,11,5,5,6,2423,2317,,1365,794,1841,.431,337,895,.377,498,642,.776,279,1178,441,140,128,420,565
326,Vermont *,34,29,5,.853,6.76,-3.79,16,0,16,1,11,3,2501,2094,,1360,916,1848,.496,219,594,.369,450,641,.702,316,1164,455,193,150,383,538
327,Villanova *,34,31,3,.912,24.79,9.91,15,3,14,1,9,2,2641,2135,,1360,913,1837,.497,300,810,.370,515,649,.794,291,1135,486,246,105,381,482
328,Virginia Commonwealth *,34,26,8,.765,11.95,3.68,14,4,15,1,7,4,2539,2258,,1380,916,1985,.461,197,589,.334,510,721,.707,375,1246,519,256,134,426,696
329,VMI,30,6,24,.200,-13.56,-1.45,3,15,5,9,1,14,2057,2346,,1200,732,1778,.412,248,786,.316,345,500,.690,302,992,356,188,114,395,594
330,Virginia Tech *,32,22,10,.688,13.59,8.74,10,8,15,2,4,6,2536,2381,,1290,864,1764,.490,283,703,.403,525,715,.734,234,1043,483,128,89,388,525
331,Virginia *,32,22,10,.688,22.32,11.35,11,7,12,4,7,5,2131,1780,,1300,797,1717,.464,224,570,.393,313,442,.708,282,1054,456,181,130,305,520
332,Wagner,30,16,14,.533,-6.92,-7.68,11,7,8,7,8,7,2047,1973,,1215,727,1700,.428,183,552,.332,410,593,.691,428,1184,326,146,108,424,616
333,Wake Forest *,32,19,13,.594,15.02,10.27,9,9,11,3,5,8,2645,2493,,1280,898,1902,.472,259,670,.387,590,763,.773,342,1178,498,175,120,377,643
334,Washington State,31,13,18,.419,0.31,7.05,6,12,9,7,2,7,2179,2376,,1245,801,1739,.461,209,574,.364,368,487,.756,199,993,453,130,85,389,502
335,Washington,31,9,22,.290,2.27,6.95,2,16,7,9,1,11,2368,2513,,1245,874,1949,.448,226,639,.354,394,602,.654,401,1161,408,187,171,425,628
336,Weber State,32,19,13,.594,-1.87,-5.04,12,6,10,3,6,7,2561,2347,,1300,858,1756,.489,291,697,.418,552,751,.735,225,1034,417,170,111,364,569
337,West Virginia *,34,26,8,.765,24.82,9.18,12,6,16,2,6,4,2787,2255,,1385,986,2153,.458,257,711,.361,558,823,.678,487,1270,569,353,159,417,694
338,Western Carolina,32,9,23,.281,-14.85,-0.25,4,14,6,8,3,13,1965,2347,,1280,719,1843,.390,182,592,.307,345,528,.653,396,1158,363,198,75,516,661
339,Western Illinois,28,8,20,.286,-10.75,-2.14,5,11,5,8,3,11,2012,2151,,1145,711,1633,.435,254,654,.388,336,475,.707,192,968,375,130,124,371,546
340,Western Kentucky,32,15,17,.469,-5.69,-2.78,9,9,11,3,4,12,2209,2302,,1280,777,1767,.440,214,606,.353,441,657,.671,302,1119,397,143,105,389,475
341,Western Michigan,32,16,16,.500,-0.51,-0.29,11,7,13,2,3,9,2417,2408,,1285,863,1915,.451,209,563,.371,482,685,.704,366,1155,414,183,91,399,600
342,Wichita State *,34,30,4,.882,21.55,2.24,17,1,16,1,9,1,2790,2123,,1360,949,2004,.474,296,725,.408,596,812,.734,405,1386,563,233,127,379,643
343,William & Mary,31,17,14,.548,0.12,-0.47,10,8,13,1,3,12,2534,2411,,1250,887,1808,.491,283,740,.382,477,689,.692,271,1123,543,167,152,388,566
344,Winthrop *,32,26,6,.813,1.41,-6.70,15,3,13,3,12,3,2551,2246,,1310,866,1895,.457,304,814,.373,515,715,.720,313,1197,411,210,168,421,583
345,Wisconsin *,34,25,9,.735,19.42,8.89,12,6,15,2,5,5,2446,2088,,1375,891,1971,.452,257,722,.356,407,632,.644,421,1269,461,233,120,373,535
346,Wofford,33,16,17,.485,-0.37,-0.73,10,8,11,2,4,10,2593,2479,,1350,900,1926,.467,311,771,.403,482,619,.779,323,1105,552,185,71,406,614
347,Wright State,32,20,12,.625,-0.89,-2.29,11,7,12,4,8,7,2465,2317,,1290,817,1819,.449,285,749,.381,546,715,.764,326,1136,472,181,75,474,594
348,Wyoming,32,18,14,.563,2.06,1.49,8,10,14,3,3,9,2479,2416,,1305,817,1910,.428,307,897,.342,538,739,.728,270,1223,471,169,151,431,684
349,Xavier *,34,21,13,.618,14.48,11.21,9,9,12,4,4,8,2537,2426,,1365,876,1929,.454,239,703,.340,546,793,.689,415,1279,504,209,91,435,636
350,Yale,29,18,11,.621,0.44,-1.95,9,5,10,3,7,7,2151,2028,,1165,769,1644,.468,208,582,.357,405,553,.732,299,1056,452,162,123,377,454
351,Youngstown State,34,13,21,.382,-9.61,-2.42,5,13,7,7,3,12,2616,2801,,1390,981,2230,.440,250,750,.333,404,601,.672,355,1246,513,187,107,406,566